Name,WriteToDB
Danline,Y
Datascope,Y
Dingley,Y
Documents and Settings,N
DSCR:Y,
Ecce Panis,Y
EMD Performance Materials Corp,Y
Engel Machinery Inc,N
Engelhard,Y
Engineered Environmental,Y
ESNA,Y
Ferrulmatic,Y
Finishing Tech,Y
Flexpaq (See Bioplan),N
Fors Company,Y
"Fort James, go to Georgia Pacific",N
GF Good,Y
Givaudan,Y
GL Tool,Y
Haug,Y
Hebeler,Y
Holman,N
IBM,N
Ilapak,Y
Integra,Y
JCP&L,Y
Jjis (also see Cordis),N
Chicopee,Y
Ka,Y
Kahle,Y
Kraft Foods (See Nabisco),N
L&M Animal Farm,N
LBP Manufacturing LLC,N
Lederle (See Wyeth),N
Marsden,Y
Mart,Y
Maybel,1
Melpak,2
Meriden,Y
Meydag,Y
"Michael Worthing Co, Inc (See Worthing)",N
Mirror Pharmaceuticals,Y
MRC,Y
MTM,Y
NAMPAC,Y
Nitto Denko (See Permacel),N
Norton (See Saint-Gobain),N
NWE,Y
Oakite,Y
Pechiney Plastic ( See Alcan),N
Perfecseal,Y
Phelps Dodge (See Freeport-McMoran),N
Polychrome,Y
PREC_MOT,Y
Proctor & Gamble,Y
Renco Finishing (See Swift),N
Roberts Technology Group,Y
Royal Wines (See Control Devices),Y
S&K,Y
Sandvik,Y
Scotts Backups,N
Setco (see Berry Plastics),N
SMS,Y
SMTH_KLN,Y
Spectrum,N
SPS,N
Temp,N
USGYPSUM,Y
Vital Signs,Y
Vitamin Juice (See Bioenergy Vitamins),N
VSSData,N
WEBCRAFT,Y
WOODLAND,Y
xxtest,N
Adam Spence,Y
Adept,N
"Best, Inc",Y
Biomet (See Hughes Environmental Engineering),N
Bioplan (See Arcade Beauty),N
BOC (See Linde),N
Bostik,Y
BROWN,N
Cadbury (see Mondelez),N
CARTERWL,Y
Chicopee,Y
CHRONOS,Y
Cognis (See Henkel),N
Convatec,Y
Cordis,Y
CORYDON,Y
Cosmair (See L'Oreal USA),N
Creative Trends (See Holman also),N
Gerdau Ameristeel (See CMC Steel),N
Kobo (See Starlite Electric),N
Linde (BOC),N
Central Net Enterprises,Y
Oasis Foods (See AAK),N
Flex Products (see Sinclair & Rush),N
PurEnergy (see Middlesex County Utilities Authority),N
Cornerstone Environmental (see Middlesex County Utilities Authority),N
Encon (formerly Starlite Electric),N
Cosmetic Essence (See Voyant Beauty),N
Belchem,N
Active Automation and Maintenance Serrvices,Y
Pantone,N
Mauser,N
